first_fame,last_name,email,gender,age,car,job,favourite_film
Almérinda,Pirozzi,mpirozzi0@microsoft.com,Male,23,Renault,Automation Specialist IV,Thriller
Andréanne,Wiskar,bwiskar1@bloglovin.com,Female,77,Renault,Data Coordiator,Thriller
Naëlle,Darbishire,hdarbishire2@51.la,Male,44,Fiat,Software Engineer III,Comedy
Danièle,Cawkwell,acawkwell3@hud.gov,Female,32,Renault,Geological Engineer,Drama
Björn,Margetts,rmargetts4@seesaa.net,Female,59,Opel,Help Desk Operator,Thriller
Ophélie,Lilloe,llilloe5@icq.com,Female,28,Renault,Environmental Tech,Thriller
Maïlys,Rego,erego6@furl.net,Male,77,Dacia,Legal Assistant,Drama
Alizée,Risley,jrisley7@oakley.com,Male,26,Ford,Budget/Accounting Analyst I,Comedy
Cécile,Yuryev,ryuryev8@ox.ac.uk,Female,61,Opel,VP Quality Control,Thriller
Maëlyss,Dewey,odewey9@parallels.com,Male,24,Renault,Cost Accountant,Drama
Méng,McAnellye,hmcanellyea@friendfeed.com,Male,39,Opel,Compensation Analyst,Comedy
Eléa,Lancetter,blancetterb@mozilla.org,Female,54,Renault,Programmer III,Drama
Maëlys,Cheetam,lcheetamc@prnewswire.com,Female,28,Mazda,Quality Engineer,Action
Maëlys,Sneller,asnellerd@list-manage.com,Female,32,Renault,VP Accounting,Horror
Marie-josée,Pactat,epactate@issuu.com,Male,62,Opel,VP Accounting,Comedy
Maëlle,Mattisson,nmattissonf@dropbox.com,Female,36,Mazda,Engineer III,Thriller
Maéna,Heskey,jheskeyg@epa.gov,Female,41,Opel,VP Marketing,Drama
Lucrèce,Andres,aandresh@forbes.com,Male,49,BMW,Nurse Practicioner,Thriller
Kallisté,Dunbabin,ddunbabini@sohu.com,Male,73,Renault,Marketing Manager,Drama
Marylène,Scotter,escotterj@youku.com,Female,75,Renault,Programmer III,Drama
